Workbook

Sheet Google data
A1: Company name | B1: Price | C1: Price Change | D1: Market Cap | F1: MARKET CAP IN BILLIONS
A2: AMBA | B2: 86.14 | C2: 2.82 | D2: 3677230433 | F2: =STOCKS[[#This Row],[Market Cap]]/1000000000 -> 3.6772304
A3: WMT | B3: 105.32 | C3: -1.79 | D3: 839700664886 | F3: =STOCKS[[#This Row],[Market Cap]]/1000000000 -> 839.70066
A4: EXFY | B4: 1.45 | C4: 0.01 | D4: 134906380 | F4: =STOCKS[[#This Row],[Market Cap]]/1000000000 -> 0.13490638
A5: JPM | B5: 298.02 | C5: -0.36 | D5: 819481656870 | F5: =STOCKS[[#This Row],[Market Cap]]/1000000000 -> 819.48166
A6: XOM | B6: 117.08 | C6: 0.06 | D6: 493745685921 | F6: =STOCKS[[#This Row],[Market Cap]]/1000000000 -> 493.74569
A7: AAPL | B7: 271.49 | C7: 5.24 | D7: 4011631117199 | F7: =STOCKS[[#This Row],[Market Cap]]/1000000000 -> 4011.6311
A8: BMW | B8: 85.08 | C8: 0.66 | D8: 52764409800 | F8: =STOCKS[[#This Row],[Market Cap]]/10000000 -> 5276.441
A9: PG | B9: 150.92 | C9: 2.73 | D9: 352659740081 | F9: =STOCKS[[#This Row],[Market Cap]]/1000000000 -> 352.65974
A10: MA | B10: 540.4 | C10: 12.52 | D10: 485277006283 | F10: =STOCKS[[#This Row],[Market Cap]]/1000000000 -> 485.27701
A11: CLOV | B11: 2.28 | C11: 0.12 | D11: 1178026281 | F11: =STOCKS[[#This Row],[Market Cap]]/1000000000 -> 1.1780263
A12: TM | B12: 197.62 | C12: 6.37 | D12: 315517119904 | F12: =STOCKS[[#This Row],[Market Cap]]/1000000000 -> 315.51712
A13: RELIANCE | B13: 1543.7 | C13: -5.4 | D13: 20914507590424 | F13: =STOCKS[[#This Row],[Market Cap]]/1000000000 -> 20914.508

Sheet Dashboard
A1: SYMBOL | B1: NAME | C1: SECTOR | D1: CAP SIZE | E1: # OF SHARES | F1: PRICE PAID PER SHARE | G1: AMOUNT PAID | H1: CURRENT PRICE | I1: TOTAL VALUE | J1: ALLOCATION | K1: TOTAL GAIN/LOSS($) | L1: TOTAL GAIN/LOSS(%) | M1: 1 DAY RETURN($) | N1: 1 DAY RETURN(%)
A2: =STOCKS[[#This Row],[Company name]] -> AMBA | B2: AMBARELLA | C2: TECHNOLOGY | D2: =IF('Google data'!F2>10,"Large",IF('Google data'!F2>2,"Mid","Small")) -> Mid | E2: 400 | F2: 69.41 | G2: =E2*F2 -> 27764 | H2: =STOCKS[[#This Row],[Price]] -> 86.14 | I2: =E2*H2 -> 34456 | J2: =I2/$I$13 -> 0.17318222 | K2: =I2-G2 -> 6692 | L2: =K2/G2 -> 0.24103155 | M2: =STOCKS[[#This Row],[Price Change]]*Dashboard!E2 -> 1128 | N2: =STOCKS[[#This Row],[Price]]/STOCKS[[#This Row],[Price]]-STOCKS[[#This Row],[Price Change]]-1 -> -2.82
A3: =STOCKS[[#This Row],[Company name]] -> WMT | B3: WALMART | C3: CONSUMER DEFENSIVE | D3: =IF('Google data'!F3>10,"Large",IF('Google data'!F3>2,"Mid","Small")) -> Large | E3: 200 | F3: 103.37 | G3: =E3*F3 -> 20674 | H3: =STOCKS[[#This Row],[Price]] -> 105.32 | I3: =E3*H3 -> 21064 | J3: =I3/$I$13 -> 0.10587155 | K3: =I3-G3 -> 390 | L3: =K3/G3 -> 0.018864274 | M3: =STOCKS[[#This Row],[Price Change]]*Dashboard!E3 -> -358 | N3: =STOCKS[[#This Row],[Price]]/STOCKS[[#This Row],[Price]]-STOCKS[[#This Row],[Price Change]]-1 -> 1.79
A4: =STOCKS[[#This Row],[Company name]] -> EXFY | B4: EXPENSIFY | C4: TECHNOLOGY | D4: =IF('Google data'!F4>10,"Large",IF('Google data'!F4>2,"Mid","Small")) -> Small | E4: 2500 | F4: 13.81 | G4: =E4*F4 -> 34525 | H4: =STOCKS[[#This Row],[Price]] -> 1.45 | I4: =E4*H4 -> 3625 | J4: =I4/$I$13 -> 0.018219919 | K4: =I4-G4 -> -30900 | L4: =K4/G4 -> -0.89500362 | M4: =STOCKS[[#This Row],[Price Change]]*Dashboard!E4 -> 25 | N4: =STOCKS[[#This Row],[Price]]/STOCKS[[#This Row],[Price]]-STOCKS[[#This Row],[Price Change]]-1 -> -0.01
A5: =STOCKS[[#This Row],[Company name]] -> JPM | B5: JP MORGAN | C5: FINANCIAL SERVICES | D5: =IF('Google data'!F5>10,"Large",IF('Google data'!F5>2,"Mid","Small")) -> Large | E5: 50 | F5: 240.02 | G5: =E5*F5 -> 12001 | H5: =STOCKS[[#This Row],[Price]] -> 298.02 | I5: =E5*H5 -> 14901 | J5: =I5/$I$13 -> 0.074895178 | K5: =I5-G5 -> 2900 | L5: =K5/G5 -> 0.24164653 | M5: =STOCKS[[#This Row],[Price Change]]*Dashboard!E5 -> -18 | N5: =STOCKS[[#This Row],[Price]]/STOCKS[[#This Row],[Price]]-STOCKS[[#This Row],[Price Change]]-1 -> 0.36
A6: =STOCKS[[#This Row],[Company name]] -> XOM | B6: EXXON | C6: ENERGY | D6: =IF('Google data'!F6>10,"Large",IF('Google data'!F6>2,"Mid","Small")) -> Large | E6: 135 | F6: 71.89 | G6: =E6*F6 -> 9705.15 | H6: =STOCKS[[#This Row],[Price]] -> 117.08 | I6: =E6*H6 -> 15805.8 | J6: =I6/$I$13 -> 0.07944287 | K6: =I6-G6 -> 6100.65 | L6: =K6/G6 -> 0.62859925 | M6: =STOCKS[[#This Row],[Price Change]]*Dashboard!E6 -> 8.1 | N6: =STOCKS[[#This Row],[Price]]/STOCKS[[#This Row],[Price]]-STOCKS[[#This Row],[Price Change]]-1 -> -0.06
A7: =STOCKS[[#This Row],[Company name]] -> AAPL | B7: APPLE | C7: TECHNOLOGY | D7: =IF('Google data'!F7>10,"Large",IF('Google data'!F7>2,"Mid","Small")) -> Large | E7: 123 | F7: 82.42 | G7: =E7*F7 -> 10137.66 | H7: =STOCKS[[#This Row],[Price]] -> 271.49 | I7: =E7*H7 -> 33393.27 | J7: =I7/$I$13 -> 0.16784074 | K7: =I7-G7 -> 23255.61 | L7: =K7/G7 -> 2.293982 | M7: =STOCKS[[#This Row],[Price Change]]*Dashboard!E7 -> 644.52 | N7: =STOCKS[[#This Row],[Price]]/STOCKS[[#This Row],[Price]]-STOCKS[[#This Row],[Price Change]]-1 -> -5.24
A8: =STOCKS[[#This Row],[Company name]] -> BMW | B8: BMW | C8: AUTO MANUFACTURERS | D8: =IF('Google data'!F8>10,"Large",IF('Google data'!F8>2,"Mid","Small")) -> Large | E8: 250 | F8: 59.65 | G8: =E8*F8 -> 14912.5 | H8: =STOCKS[[#This Row],[Price]] -> 85.08 | I8: =E8*H8 -> 21270 | J8: =I8/$I$13 -> 0.10690695 | K8: =I8-G8 -> 6357.5 | L8: =K8/G8 -> 0.4263202 | M8: =STOCKS[[#This Row],[Price Change]]*Dashboard!E8 -> 165 | N8: =STOCKS[[#This Row],[Price]]/STOCKS[[#This Row],[Price]]-STOCKS[[#This Row],[Price Change]]-1 -> -0.66
A9: =STOCKS[[#This Row],[Company name]] -> PG | B9: PROCTER & GAMBLE | C9: CONSUMER DEFENSIVE | D9: =IF('Google data'!F9>10,"Large",IF('Google data'!F9>2,"Mid","Small")) -> Large | E9: 100 | F9: 196.34 | G9: =E9*F9 -> 19634 | H9: =STOCKS[[#This Row],[Price]] -> 150.92 | I9: =E9*H9 -> 15092 | J9: =I9/$I$13 -> 0.075855179 | K9: =I9-G9 -> -4542 | L9: =K9/G9 -> -0.2313334 | M9: =STOCKS[[#This Row],[Price Change]]*Dashboard!E9 -> 273 | N9: =STOCKS[[#This Row],[Price]]/STOCKS[[#This Row],[Price]]-STOCKS[[#This Row],[Price Change]]-1 -> -2.73
A10: =STOCKS[[#This Row],[Company name]] -> MA | B10: MASTERCARD | C10: FINANCIAL SERVICES | D10: =IF('Google data'!F10>10,"Large",IF('Google data'!F10>2,"Mid","Small")) -> Large | E10: 25 | F10: 622.05 | G10: =E10*F10 -> 15551.25 | H10: =STOCKS[[#This Row],[Price]] -> 540.4 | I10: =E10*H10 -> 13510 | J10: =I10/$I$13 -> 0.067903755 | K10: =I10-G10 -> -2041.25 | L10: =K10/G10 -> -0.13125955 | M10: =STOCKS[[#This Row],[Price Change]]*Dashboard!E10 -> 313 | N10: =STOCKS[[#This Row],[Price]]/STOCKS[[#This Row],[Price]]-STOCKS[[#This Row],[Price Change]]-1 -> -12.52
A11: =STOCKS[[#This Row],[Company name]] -> CLOV | B11: CLOVER HEALTH | C11: HEALTHCARE | D11: =IF('Google data'!F11>10,"Large",IF('Google data'!F11>2,"Mid","Small")) -> Small | E11: 7000 | F11: 2.22 | G11: =E11*F11 -> 15540 | H11: =STOCKS[[#This Row],[Price]] -> 2.28 | I11: =E11*H11 -> 15960 | J11: =I11/$I$13 -> 0.080217907 | K11: =I11-G11 -> 420 | L11: =K11/G11 -> 0.027027027 | M11: =STOCKS[[#This Row],[Price Change]]*Dashboard!E11 -> 840 | N11: =STOCKS[[#This Row],[Price]]/STOCKS[[#This Row],[Price]]-STOCKS[[#This Row],[Price Change]]-1 -> -0.12
A12: =STOCKS[[#This Row],[Company name]] -> TM | B12: TOYOTA | C12: AUTO MANUFACTURERS | D12: =IF('Google data'!F12>10,"Large",IF('Google data'!F12>2,"Mid","Small")) -> Large | E12: 50 | F12: 261.73 | G12: =E12*F12 -> 13086.5 | H12: =STOCKS[[#This Row],[Price]] -> 197.62 | I12: =E12*H12 -> 9881 | J12: =I12/$I$13 -> 0.049663731 | K12: =I12-G12 -> -3205.5 | L12: =K12/G12 -> -0.24494708 | M12: =STOCKS[[#This Row],[Price Change]]*Dashboard!E12 -> 318.5 | N12: =STOCKS[[#This Row],[Price]]/STOCKS[[#This Row],[Price]]-STOCKS[[#This Row],[Price Change]]-1 -> -6.37
A13: Total | G13: =SUM(G2:G12) -> 193531.06 | I13: =SUM(I2:I12) -> 198958.07 | K13: =SUM(K2:K12) -> 5427.01 | M13: =SUM(M2:M12) -> 3339.12

Sheet Support
A1: Cap size | B1: Allocation | F1: Sector | G1: Allocation
A2: Small | B2: =SUMIF(Dashboard!$D$2:$D$12,Support!A2,Dashboard!$J$2:$J$12) -> 0.098437827 | F2: TECHNOLOGY | G2: =SUMIF(Dashboard!C2:C12,Support!F2,Dashboard!J2:J12) -> 0.35924288
A3: Mid | B3: =SUMIF(Dashboard!$D$2:$D$12,Support!A3,Dashboard!$J$2:$J$12) -> 0.17318222 | F3: CONSUMER DEFENSIVE | G3: =SUMIF(Dashboard!C3:C13,Support!F3,Dashboard!J3:J13) -> 0.18172673
A4: Large | B4: =SUMIF(Dashboard!$D$2:$D$12,Support!A4,Dashboard!$J$2:$J$12) -> 0.72837995 | F4: FINANCIAL SERVICES | G4: =SUMIF(Dashboard!C4:C14,Support!F4,Dashboard!J4:J14) -> 0.14279893
F5: ENERGY | G5: =SUMIF(Dashboard!C5:C15,Support!F5,Dashboard!J5:J15) -> 0.07944287
F6: AUTO MANUFACTURERS | G6: =SUMIF(Dashboard!C6:C16,Support!F6,Dashboard!J6:J16) -> 0.15657068
F7: HEALTHCARE | G7: =SUMIF(Dashboard!C7:C17,Support!F7,Dashboard!J7:J17) -> 0.080217907
